name;username;email;oldpassword;messagetweet;messageresquawk;biography;website;address;newpassword;updateusername ;updateemail
Prueba1 test1;Prueba1t1;Prueba1t1@gmail.com;Prueba1t1;Mess1test1;*2Mess1test1;ImCat1 UwU1;none;Your  Heart;Prueba01t01;Prueba01t01;Prueba01t01@gmail.com
Prueba2 test2;Prueba2t2;Prueba2t2@gmail.com;Prueba2t2;Mess2test2;*2Mess2test2;ImCat2 UwU2;none;Your  Heart;Prueba02t02;Prueba02t02;Prueba02t02@gmail.com
Prueba3 test3;Prueba3t3;Prueba3t3@gmail.com;Prueba3t3;Mess3test3;*2Mess3test3;ImCat3 UwU3;none;Your  Heart;Prueba03t03;Prueba03t03;Prueba03t03@gmail.com
Prueba4 test4;Prueba4t4;Prueba4t4@gmail.com;Prueba4t4;Mess4test4;*2Mess4test4;ImCat4 UwU4;none;Your  Heart;Prueba04t04;Prueba04t04;Prueba04t04@gmail.com
Prueba5 test5;Prueba5t5;Prueba5t5@gmail.com;Prueba5t5;Mess5test5;*2Mess5test5;ImCat5 UwU5;none;Your  Heart;Prueba05t05;Prueba05t05;Prueba05t05@gmail.com
Prueba6 test6;Prueba6t6;Prueba6t6@gmail.com;Prueba6t6;Mess6test6;*2Mess6test6;ImCat6 UwU6;none;Your  Heart;Prueba06t06;Prueba06t06;Prueba06t06@gmail.com
Prueba7 test7;Prueba7t7;Prueba7t7@gmail.com;Prueba7t7;Mess7test7;*2Mess7test7;ImCat7 UwU7;none;Your  Heart;Prueba07t07;Prueba07t07;Prueba07t07@gmail.com
Prueba8 test8;Prueba8t8;Prueba8t8@gmail.com;Prueba8t8;Mess8test8;*2Mess8test8;ImCat8 UwU8;none;Your  Heart;Prueba08t08;Prueba08t08;Prueba08t08@gmail.com
Prueba9 test9;Prueba9t9;Prueba9t9@gmail.com;Prueba9t9;Mess9test9;*2Mess9test9;ImCat9 UwU9;none;Your  Heart;Prueba09t09;Prueba09t09;Prueba09t09@gmail.com
Prueba10 test10;Prueba10t10;Prueba10t10@gmail.com;Prueba10t10;Mess10test10;*2Mess10test10;ImCat10 UwU10;none;Your  Heart;Prueba010t010;Prueba010t010;Prueba010t010@gmail.com
Prueba11 test11;Prueba11t11;Prueba11t11@gmail.com;Prueba11t11;Mess11test11;*2Mess11test11;ImCat11 UwU11;none;Your  Heart;Prueba011t011;Prueba011t011;Prueba011t011@gmail.com
Prueba12 test12;Prueba12t12;Prueba12t12@gmail.com;Prueba12t12;Mess12test12;*2Mess12test12;ImCat12 UwU12;none;Your  Heart;Prueba012t012;Prueba012t012;Prueba012t012@gmail.com
Prueba13 test13;Prueba13t13;Prueba13t13@gmail.com;Prueba13t13;Mess13test13;*2Mess13test13;ImCat13 UwU13;none;Your  Heart;Prueba013t013;Prueba013t013;Prueba013t013@gmail.com
Prueba14 test14;Prueba14t14;Prueba14t14@gmail.com;Prueba14t14;Mess14test14;*2Mess14test14;ImCat14 UwU14;none;Your  Heart;Prueba014t014;Prueba014t014;Prueba014t014@gmail.com
Prueba15 test15;Prueba15t15;Prueba15t15@gmail.com;Prueba15t15;Mess15test15;*2Mess15test15;ImCat15 UwU15;none;Your  Heart;Prueba015t015;Prueba015t015;Prueba015t015@gmail.com
Prueba16 test16;Prueba16t16;Prueba16t16@gmail.com;Prueba16t16;Mess16test16;*2Mess16test16;ImCat16 UwU16;none;Your  Heart;Prueba016t016;Prueba016t016;Prueba016t016@gmail.com
Prueba17 test17;Prueba17t17;Prueba17t17@gmail.com;Prueba17t17;Mess17test17;*2Mess17test17;ImCat17 UwU17;none;Your  Heart;Prueba017t017;Prueba017t017;Prueba017t017@gmail.com
Prueba18 test18;Prueba18t18;Prueba18t18@gmail.com;Prueba18t18;Mess18test18;*2Mess18test18;ImCat18 UwU18;none;Your  Heart;Prueba018t018;Prueba018t018;Prueba018t018@gmail.com
Prueba19 test19;Prueba19t19;Prueba19t19@gmail.com;Prueba19t19;Mess19test19;*2Mess19test19;ImCat19 UwU19;none;Your  Heart;Prueba019t019;Prueba019t019;Prueba019t019@gmail.com
Prueba20 test20;Prueba20t20;Prueba20t20@gmail.com;Prueba20t20;Mess20test20;*2Mess20test20;ImCat20 UwU20;none;Your  Heart;Prueba020t020;Prueba020t020;Prueba020t020@gmail.com
Prueba21 test21;Prueba21t21;Prueba21t21@gmail.com;Prueba21t21;Mess21test21;*2Mess21test21;ImCat21 UwU21;none;Your  Heart;Prueba021t021;Prueba021t021;Prueba021t021@gmail.com
Prueba22 test22;Prueba22t22;Prueba22t22@gmail.com;Prueba22t22;Mess22test22;*2Mess22test22;ImCat22 UwU22;none;Your  Heart;Prueba022t022;Prueba022t022;Prueba022t022@gmail.com
Prueba23 test23;Prueba23t23;Prueba23t23@gmail.com;Prueba23t23;Mess23test23;*2Mess23test23;ImCat23 UwU23;none;Your  Heart;Prueba023t023;Prueba023t023;Prueba023t023@gmail.com
Prueba24 test24;Prueba24t24;Prueba24t24@gmail.com;Prueba24t24;Mess24test24;*2Mess24test24;ImCat24 UwU24;none;Your  Heart;Prueba024t024;Prueba024t024;Prueba024t024@gmail.com
Prueba25 test25;Prueba25t25;Prueba25t25@gmail.com;Prueba25t25;Mess25test25;*2Mess25test25;ImCat25 UwU25;none;Your  Heart;Prueba025t025;Prueba025t025;Prueba025t025@gmail.com
Prueba26 test26;Prueba26t26;Prueba26t26@gmail.com;Prueba26t26;Mess26test26;*2Mess26test26;ImCat26 UwU26;none;Your  Heart;Prueba026t026;Prueba026t026;Prueba026t026@gmail.com
Prueba27 test27;Prueba27t27;Prueba27t27@gmail.com;Prueba27t27;Mess27test27;*2Mess27test27;ImCat27 UwU27;none;Your  Heart;Prueba027t027;Prueba027t027;Prueba027t027@gmail.com
Prueba28 test28;Prueba28t28;Prueba28t28@gmail.com;Prueba28t28;Mess28test28;*2Mess28test28;ImCat28 UwU28;none;Your  Heart;Prueba028t028;Prueba028t028;Prueba028t028@gmail.com
Prueba29 test29;Prueba29t29;Prueba29t29@gmail.com;Prueba29t29;Mess29test29;*2Mess29test29;ImCat29 UwU29;none;Your  Heart;Prueba029t029;Prueba029t029;Prueba029t029@gmail.com
Prueba30 test30;Prueba30t30;Prueba30t30@gmail.com;Prueba30t30;Mess30test30;*2Mess30test30;ImCat30 UwU30;none;Your  Heart;Prueba030t030;Prueba030t030;Prueba030t030@gmail.com
Prueba31 test31;Prueba31t31;Prueba31t31@gmail.com;Prueba31t31;Mess31test31;*2Mess31test31;ImCat31 UwU31;none;Your  Heart;Prueba031t031;Prueba031t031;Prueba031t031@gmail.com
Prueba32 test32;Prueba32t32;Prueba32t32@gmail.com;Prueba32t32;Mess32test32;*2Mess32test32;ImCat32 UwU32;none;Your  Heart;Prueba032t032;Prueba032t032;Prueba032t032@gmail.com
Prueba33 test33;Prueba33t33;Prueba33t33@gmail.com;Prueba33t33;Mess33test33;*2Mess33test33;ImCat33 UwU33;none;Your  Heart;Prueba033t033;Prueba033t033;Prueba033t033@gmail.com
Prueba34 test34;Prueba34t34;Prueba34t34@gmail.com;Prueba34t34;Mess34test34;*2Mess34test34;ImCat34 UwU34;none;Your  Heart;Prueba034t034;Prueba034t034;Prueba034t034@gmail.com
Prueba35 test35;Prueba35t35;Prueba35t35@gmail.com;Prueba35t35;Mess35test35;*2Mess35test35;ImCat35 UwU35;none;Your  Heart;Prueba035t035;Prueba035t035;Prueba035t035@gmail.com
Prueba36 test36;Prueba36t36;Prueba36t36@gmail.com;Prueba36t36;Mess36test36;*2Mess36test36;ImCat36 UwU36;none;Your  Heart;Prueba036t036;Prueba036t036;Prueba036t036@gmail.com
Prueba37 test37;Prueba37t37;Prueba37t37@gmail.com;Prueba37t37;Mess37test37;*2Mess37test37;ImCat37 UwU37;none;Your  Heart;Prueba037t037;Prueba037t037;Prueba037t037@gmail.com
Prueba38 test38;Prueba38t38;Prueba38t38@gmail.com;Prueba38t38;Mess38test38;*2Mess38test38;ImCat38 UwU38;none;Your  Heart;Prueba038t038;Prueba038t038;Prueba038t038@gmail.com
Prueba39 test39;Prueba39t39;Prueba39t39@gmail.com;Prueba39t39;Mess39test39;*2Mess39test39;ImCat39 UwU39;none;Your  Heart;Prueba039t039;Prueba039t039;Prueba039t039@gmail.com
Prueba40 test40;Prueba40t40;Prueba40t40@gmail.com;Prueba40t40;Mess40test40;*2Mess40test40;ImCat40 UwU40;none;Your  Heart;Prueba040t040;Prueba040t040;Prueba040t040@gmail.com
Prueba41 test41;Prueba41t41;Prueba41t41@gmail.com;Prueba41t41;Mess41test41;*2Mess41test41;ImCat41 UwU41;none;Your  Heart;Prueba041t041;Prueba041t041;Prueba041t041@gmail.com
Prueba42 test42;Prueba42t42;Prueba42t42@gmail.com;Prueba42t42;Mess42test42;*2Mess42test42;ImCat42 UwU42;none;Your  Heart;Prueba042t042;Prueba042t042;Prueba042t042@gmail.com
Prueba43 test43;Prueba43t43;Prueba43t43@gmail.com;Prueba43t43;Mess43test43;*2Mess43test43;ImCat43 UwU43;none;Your  Heart;Prueba043t043;Prueba043t043;Prueba043t043@gmail.com
Prueba44 test44;Prueba44t44;Prueba44t44@gmail.com;Prueba44t44;Mess44test44;*2Mess44test44;ImCat44 UwU44;none;Your  Heart;Prueba044t044;Prueba044t044;Prueba044t044@gmail.com
Prueba45 test45;Prueba45t45;Prueba45t45@gmail.com;Prueba45t45;Mess45test45;*2Mess45test45;ImCat45 UwU45;none;Your  Heart;Prueba045t045;Prueba045t045;Prueba045t045@gmail.com
Prueba46 test46;Prueba46t46;Prueba46t46@gmail.com;Prueba46t46;Mess46test46;*2Mess46test46;ImCat46 UwU46;none;Your  Heart;Prueba046t046;Prueba046t046;Prueba046t046@gmail.com
Prueba47 test47;Prueba47t47;Prueba47t47@gmail.com;Prueba47t47;Mess47test47;*2Mess47test47;ImCat47 UwU47;none;Your  Heart;Prueba047t047;Prueba047t047;Prueba047t047@gmail.com
Prueba48 test48;Prueba48t48;Prueba48t48@gmail.com;Prueba48t48;Mess48test48;*2Mess48test48;ImCat48 UwU48;none;Your  Heart;Prueba048t048;Prueba048t048;Prueba048t048@gmail.com
Prueba49 test49;Prueba49t49;Prueba49t49@gmail.com;Prueba49t49;Mess49test49;*2Mess49test49;ImCat49 UwU49;none;Your  Heart;Prueba049t049;Prueba049t049;Prueba049t049@gmail.com
Prueba50 test50;Prueba50t50;Prueba50t50@gmail.com;Prueba50t50;Mess50test50;*2Mess50test50;ImCat50 UwU50;none;Your  Heart;Prueba050t050;Prueba050t050;Prueba050t050@gmail.com
Prueba51 test51;Prueba51t51;Prueba51t51@gmail.com;Prueba51t51;Mess51test51;*2Mess51test51;ImCat51 UwU51;none;Your  Heart;Prueba051t051;Prueba051t051;Prueba051t051@gmail.com
Prueba52 test52;Prueba52t52;Prueba52t52@gmail.com;Prueba52t52;Mess52test52;*2Mess52test52;ImCat52 UwU52;none;Your  Heart;Prueba052t052;Prueba052t052;Prueba052t052@gmail.com
Prueba53 test53;Prueba53t53;Prueba53t53@gmail.com;Prueba53t53;Mess53test53;*2Mess53test53;ImCat53 UwU53;none;Your  Heart;Prueba053t053;Prueba053t053;Prueba053t053@gmail.com
Prueba54 test54;Prueba54t54;Prueba54t54@gmail.com;Prueba54t54;Mess54test54;*2Mess54test54;ImCat54 UwU54;none;Your  Heart;Prueba054t054;Prueba054t054;Prueba054t054@gmail.com
Prueba55 test55;Prueba55t55;Prueba55t55@gmail.com;Prueba55t55;Mess55test55;*2Mess55test55;ImCat55 UwU55;none;Your  Heart;Prueba055t055;Prueba055t055;Prueba055t055@gmail.com
Prueba56 test56;Prueba56t56;Prueba56t56@gmail.com;Prueba56t56;Mess56test56;*2Mess56test56;ImCat56 UwU56;none;Your  Heart;Prueba056t056;Prueba056t056;Prueba056t056@gmail.com
Prueba57 test57;Prueba57t57;Prueba57t57@gmail.com;Prueba57t57;Mess57test57;*2Mess57test57;ImCat57 UwU57;none;Your  Heart;Prueba057t057;Prueba057t057;Prueba057t057@gmail.com
Prueba58 test58;Prueba58t58;Prueba58t58@gmail.com;Prueba58t58;Mess58test58;*2Mess58test58;ImCat58 UwU58;none;Your  Heart;Prueba058t058;Prueba058t058;Prueba058t058@gmail.com
Prueba59 test59;Prueba59t59;Prueba59t59@gmail.com;Prueba59t59;Mess59test59;*2Mess59test59;ImCat59 UwU59;none;Your  Heart;Prueba059t059;Prueba059t059;Prueba059t059@gmail.com
Prueba60 test60;Prueba60t60;Prueba60t60@gmail.com;Prueba60t60;Mess60test60;*2Mess60test60;ImCat60 UwU60;none;Your  Heart;Prueba060t060;Prueba060t060;Prueba060t060@gmail.com
Prueba61 test61;Prueba61t61;Prueba61t61@gmail.com;Prueba61t61;Mess61test61;*2Mess61test61;ImCat61 UwU61;none;Your  Heart;Prueba061t061;Prueba061t061;Prueba061t061@gmail.com
Prueba62 test62;Prueba62t62;Prueba62t62@gmail.com;Prueba62t62;Mess62test62;*2Mess62test62;ImCat62 UwU62;none;Your  Heart;Prueba062t062;Prueba062t062;Prueba062t062@gmail.com
Prueba63 test63;Prueba63t63;Prueba63t63@gmail.com;Prueba63t63;Mess63test63;*2Mess63test63;ImCat63 UwU63;none;Your  Heart;Prueba063t063;Prueba063t063;Prueba063t063@gmail.com
Prueba64 test64;Prueba64t64;Prueba64t64@gmail.com;Prueba64t64;Mess64test64;*2Mess64test64;ImCat64 UwU64;none;Your  Heart;Prueba064t064;Prueba064t064;Prueba064t064@gmail.com
Prueba65 test65;Prueba65t65;Prueba65t65@gmail.com;Prueba65t65;Mess65test65;*2Mess65test65;ImCat65 UwU65;none;Your  Heart;Prueba065t065;Prueba065t065;Prueba065t065@gmail.com
Prueba66 test66;Prueba66t66;Prueba66t66@gmail.com;Prueba66t66;Mess66test66;*2Mess66test66;ImCat66 UwU66;none;Your  Heart;Prueba066t066;Prueba066t066;Prueba066t066@gmail.com
Prueba67 test67;Prueba67t67;Prueba67t67@gmail.com;Prueba67t67;Mess67test67;*2Mess67test67;ImCat67 UwU67;none;Your  Heart;Prueba067t067;Prueba067t067;Prueba067t067@gmail.com
Prueba68 test68;Prueba68t68;Prueba68t68@gmail.com;Prueba68t68;Mess68test68;*2Mess68test68;ImCat68 UwU68;none;Your  Heart;Prueba068t068;Prueba068t068;Prueba068t068@gmail.com
Prueba69 test69;Prueba69t69;Prueba69t69@gmail.com;Prueba69t69;Mess69test69;*2Mess69test69;ImCat69 UwU69;none;Your  Heart;Prueba069t069;Prueba069t069;Prueba069t069@gmail.com
Prueba70 test70;Prueba70t70;Prueba70t70@gmail.com;Prueba70t70;Mess70test70;*2Mess70test70;ImCat70 UwU70;none;Your  Heart;Prueba070t070;Prueba070t070;Prueba070t070@gmail.com
Prueba71 test71;Prueba71t71;Prueba71t71@gmail.com;Prueba71t71;Mess71test71;*2Mess71test71;ImCat71 UwU71;none;Your  Heart;Prueba071t071;Prueba071t071;Prueba071t071@gmail.com
Prueba72 test72;Prueba72t72;Prueba72t72@gmail.com;Prueba72t72;Mess72test72;*2Mess72test72;ImCat72 UwU72;none;Your  Heart;Prueba072t072;Prueba072t072;Prueba072t072@gmail.com
Prueba73 test73;Prueba73t73;Prueba73t73@gmail.com;Prueba73t73;Mess73test73;*2Mess73test73;ImCat73 UwU73;none;Your  Heart;Prueba073t073;Prueba073t073;Prueba073t073@gmail.com
Prueba74 test74;Prueba74t74;Prueba74t74@gmail.com;Prueba74t74;Mess74test74;*2Mess74test74;ImCat74 UwU74;none;Your  Heart;Prueba074t074;Prueba074t074;Prueba074t074@gmail.com
Prueba75 test75;Prueba75t75;Prueba75t75@gmail.com;Prueba75t75;Mess75test75;*2Mess75test75;ImCat75 UwU75;none;Your  Heart;Prueba075t075;Prueba075t075;Prueba075t075@gmail.com
Prueba76 test76;Prueba76t76;Prueba76t76@gmail.com;Prueba76t76;Mess76test76;*2Mess76test76;ImCat76 UwU76;none;Your  Heart;Prueba076t076;Prueba076t076;Prueba076t076@gmail.com
Prueba77 test77;Prueba77t77;Prueba77t77@gmail.com;Prueba77t77;Mess77test77;*2Mess77test77;ImCat77 UwU77;none;Your  Heart;Prueba077t077;Prueba077t077;Prueba077t077@gmail.com
Prueba78 test78;Prueba78t78;Prueba78t78@gmail.com;Prueba78t78;Mess78test78;*2Mess78test78;ImCat78 UwU78;none;Your  Heart;Prueba078t078;Prueba078t078;Prueba078t078@gmail.com
Prueba79 test79;Prueba79t79;Prueba79t79@gmail.com;Prueba79t79;Mess79test79;*2Mess79test79;ImCat79 UwU79;none;Your  Heart;Prueba079t079;Prueba079t079;Prueba079t079@gmail.com
Prueba80 test80;Prueba80t80;Prueba80t80@gmail.com;Prueba80t80;Mess80test80;*2Mess80test80;ImCat80 UwU80;none;Your  Heart;Prueba080t080;Prueba080t080;Prueba080t080@gmail.com
Prueba81 test81;Prueba81t81;Prueba81t81@gmail.com;Prueba81t81;Mess81test81;*2Mess81test81;ImCat81 UwU81;none;Your  Heart;Prueba081t081;Prueba081t081;Prueba081t081@gmail.com
Prueba82 test82;Prueba82t82;Prueba82t82@gmail.com;Prueba82t82;Mess82test82;*2Mess82test82;ImCat82 UwU82;none;Your  Heart;Prueba082t082;Prueba082t082;Prueba082t082@gmail.com
Prueba83 test83;Prueba83t83;Prueba83t83@gmail.com;Prueba83t83;Mess83test83;*2Mess83test83;ImCat83 UwU83;none;Your  Heart;Prueba083t083;Prueba083t083;Prueba083t083@gmail.com
Prueba84 test84;Prueba84t84;Prueba84t84@gmail.com;Prueba84t84;Mess84test84;*2Mess84test84;ImCat84 UwU84;none;Your  Heart;Prueba084t084;Prueba084t084;Prueba084t084@gmail.com
Prueba85 test85;Prueba85t85;Prueba85t85@gmail.com;Prueba85t85;Mess85test85;*2Mess85test85;ImCat85 UwU85;none;Your  Heart;Prueba085t085;Prueba085t085;Prueba085t085@gmail.com
Prueba86 test86;Prueba86t86;Prueba86t86@gmail.com;Prueba86t86;Mess86test86;*2Mess86test86;ImCat86 UwU86;none;Your  Heart;Prueba086t086;Prueba086t086;Prueba086t086@gmail.com
Prueba87 test87;Prueba87t87;Prueba87t87@gmail.com;Prueba87t87;Mess87test87;*2Mess87test87;ImCat87 UwU87;none;Your  Heart;Prueba087t087;Prueba087t087;Prueba087t087@gmail.com
Prueba88 test88;Prueba88t88;Prueba88t88@gmail.com;Prueba88t88;Mess88test88;*2Mess88test88;ImCat88 UwU88;none;Your  Heart;Prueba088t088;Prueba088t088;Prueba088t088@gmail.com
Prueba89 test89;Prueba89t89;Prueba89t89@gmail.com;Prueba89t89;Mess89test89;*2Mess89test89;ImCat89 UwU89;none;Your  Heart;Prueba089t089;Prueba089t089;Prueba089t089@gmail.com
Prueba90 test90;Prueba90t90;Prueba90t90@gmail.com;Prueba90t90;Mess90test90;*2Mess90test90;ImCat90 UwU90;none;Your  Heart;Prueba090t090;Prueba090t090;Prueba090t090@gmail.com
Prueba91 test91;Prueba91t91;Prueba91t91@gmail.com;Prueba91t91;Mess91test91;*2Mess91test91;ImCat91 UwU91;none;Your  Heart;Prueba091t091;Prueba091t091;Prueba091t091@gmail.com
Prueba92 test92;Prueba92t92;Prueba92t92@gmail.com;Prueba92t92;Mess92test92;*2Mess92test92;ImCat92 UwU92;none;Your  Heart;Prueba092t092;Prueba092t092;Prueba092t092@gmail.com
Prueba93 test93;Prueba93t93;Prueba93t93@gmail.com;Prueba93t93;Mess93test93;*2Mess93test93;ImCat93 UwU93;none;Your  Heart;Prueba093t093;Prueba093t093;Prueba093t093@gmail.com
Prueba94 test94;Prueba94t94;Prueba94t94@gmail.com;Prueba94t94;Mess94test94;*2Mess94test94;ImCat94 UwU94;none;Your  Heart;Prueba094t094;Prueba094t094;Prueba094t094@gmail.com
Prueba95 test95;Prueba95t95;Prueba95t95@gmail.com;Prueba95t95;Mess95test95;*2Mess95test95;ImCat95 UwU95;none;Your  Heart;Prueba095t095;Prueba095t095;Prueba095t095@gmail.com
Prueba96 test96;Prueba96t96;Prueba96t96@gmail.com;Prueba96t96;Mess96test96;*2Mess96test96;ImCat96 UwU96;none;Your  Heart;Prueba096t096;Prueba096t096;Prueba096t096@gmail.com
Prueba97 test97;Prueba97t97;Prueba97t97@gmail.com;Prueba97t97;Mess97test97;*2Mess97test97;ImCat97 UwU97;none;Your  Heart;Prueba097t097;Prueba097t097;Prueba097t097@gmail.com
Prueba98 test98;Prueba98t98;Prueba98t98@gmail.com;Prueba98t98;Mess98test98;*2Mess98test98;ImCat98 UwU98;none;Your  Heart;Prueba098t098;Prueba098t098;Prueba098t098@gmail.com
Prueba99 test99;Prueba99t99;Prueba99t99@gmail.com;Prueba99t99;Mess99test99;*2Mess99test99;ImCat99 UwU99;none;Your  Heart;Prueba099t099;Prueba099t099;Prueba099t099@gmail.com
Prueba100 test100;Prueba100t100;Prueba100t100@gmail.com;Prueba100t100;Mess100test100;*2Mess100test100;ImCat100 UwU100;none;Your  Heart;Prueba0100t0100;Prueba0100t0100;Prueba0100t0100@gmail.com
Prueba101 test101;Prueba101t101;Prueba101t101@gmail.com;Prueba101t101;Mess101test101;*2Mess101test101;ImCat101 UwU101;none;Your  Heart;Prueba0101t0101;Prueba0101t0101;Prueba0101t0101@gmail.com
Prueba102 test102;Prueba102t102;Prueba102t102@gmail.com;Prueba102t102;Mess102test102;*2Mess102test102;ImCat102 UwU102;none;Your  Heart;Prueba0102t0102;Prueba0102t0102;Prueba0102t0102@gmail.com
Prueba103 test103;Prueba103t103;Prueba103t103@gmail.com;Prueba103t103;Mess103test103;*2Mess103test103;ImCat103 UwU103;none;Your  Heart;Prueba0103t0103;Prueba0103t0103;Prueba0103t0103@gmail.com
Prueba104 test104;Prueba104t104;Prueba104t104@gmail.com;Prueba104t104;Mess104test104;*2Mess104test104;ImCat104 UwU104;none;Your  Heart;Prueba0104t0104;Prueba0104t0104;Prueba0104t0104@gmail.com
Prueba105 test105;Prueba105t105;Prueba105t105@gmail.com;Prueba105t105;Mess105test105;*2Mess105test105;ImCat105 UwU105;none;Your  Heart;Prueba0105t0105;Prueba0105t0105;Prueba0105t0105@gmail.com
Prueba106 test106;Prueba106t106;Prueba106t106@gmail.com;Prueba106t106;Mess106test106;*2Mess106test106;ImCat106 UwU106;none;Your  Heart;Prueba0106t0106;Prueba0106t0106;Prueba0106t0106@gmail.com
Prueba107 test107;Prueba107t107;Prueba107t107@gmail.com;Prueba107t107;Mess107test107;*2Mess107test107;ImCat107 UwU107;none;Your  Heart;Prueba0107t0107;Prueba0107t0107;Prueba0107t0107@gmail.com
Prueba108 test108;Prueba108t108;Prueba108t108@gmail.com;Prueba108t108;Mess108test108;*2Mess108test108;ImCat108 UwU108;none;Your  Heart;Prueba0108t0108;Prueba0108t0108;Prueba0108t0108@gmail.com
Prueba109 test109;Prueba109t109;Prueba109t109@gmail.com;Prueba109t109;Mess109test109;*2Mess109test109;ImCat109 UwU109;none;Your  Heart;Prueba0109t0109;Prueba0109t0109;Prueba0109t0109@gmail.com
Prueba110 test110;Prueba110t110;Prueba110t110@gmail.com;Prueba110t110;Mess110test110;*2Mess110test110;ImCat110 UwU110;none;Your  Heart;Prueba0110t0110;Prueba0110t0110;Prueba0110t0110@gmail.com
Prueba111 test111;Prueba111t111;Prueba111t111@gmail.com;Prueba111t111;Mess111test111;*2Mess111test111;ImCat111 UwU111;none;Your  Heart;Prueba0111t0111;Prueba0111t0111;Prueba0111t0111@gmail.com
Prueba112 test112;Prueba112t112;Prueba112t112@gmail.com;Prueba112t112;Mess112test112;*2Mess112test112;ImCat112 UwU112;none;Your  Heart;Prueba0112t0112;Prueba0112t0112;Prueba0112t0112@gmail.com
Prueba113 test113;Prueba113t113;Prueba113t113@gmail.com;Prueba113t113;Mess113test113;*2Mess113test113;ImCat113 UwU113;none;Your  Heart;Prueba0113t0113;Prueba0113t0113;Prueba0113t0113@gmail.com
Prueba114 test114;Prueba114t114;Prueba114t114@gmail.com;Prueba114t114;Mess114test114;*2Mess114test114;ImCat114 UwU114;none;Your  Heart;Prueba0114t0114;Prueba0114t0114;Prueba0114t0114@gmail.com
Prueba115 test115;Prueba115t115;Prueba115t115@gmail.com;Prueba115t115;Mess115test115;*2Mess115test115;ImCat115 UwU115;none;Your  Heart;Prueba0115t0115;Prueba0115t0115;Prueba0115t0115@gmail.com
Prueba116 test116;Prueba116t116;Prueba116t116@gmail.com;Prueba116t116;Mess116test116;*2Mess116test116;ImCat116 UwU116;none;Your  Heart;Prueba0116t0116;Prueba0116t0116;Prueba0116t0116@gmail.com
Prueba117 test117;Prueba117t117;Prueba117t117@gmail.com;Prueba117t117;Mess117test117;*2Mess117test117;ImCat117 UwU117;none;Your  Heart;Prueba0117t0117;Prueba0117t0117;Prueba0117t0117@gmail.com
Prueba118 test118;Prueba118t118;Prueba118t118@gmail.com;Prueba118t118;Mess118test118;*2Mess118test118;ImCat118 UwU118;none;Your  Heart;Prueba0118t0118;Prueba0118t0118;Prueba0118t0118@gmail.com
Prueba119 test119;Prueba119t119;Prueba119t119@gmail.com;Prueba119t119;Mess119test119;*2Mess119test119;ImCat119 UwU119;none;Your  Heart;Prueba0119t0119;Prueba0119t0119;Prueba0119t0119@gmail.com
Prueba120 test120;Prueba120t120;Prueba120t120@gmail.com;Prueba120t120;Mess120test120;*2Mess120test120;ImCat120 UwU120;none;Your  Heart;Prueba0120t0120;Prueba0120t0120;Prueba0120t0120@gmail.com
Prueba121 test121;Prueba121t121;Prueba121t121@gmail.com;Prueba121t121;Mess121test121;*2Mess121test121;ImCat121 UwU121;none;Your  Heart;Prueba0121t0121;Prueba0121t0121;Prueba0121t0121@gmail.com
Prueba122 test122;Prueba122t122;Prueba122t122@gmail.com;Prueba122t122;Mess122test122;*2Mess122test122;ImCat122 UwU122;none;Your  Heart;Prueba0122t0122;Prueba0122t0122;Prueba0122t0122@gmail.com
Prueba123 test123;Prueba123t123;Prueba123t123@gmail.com;Prueba123t123;Mess123test123;*2Mess123test123;ImCat123 UwU123;none;Your  Heart;Prueba0123t0123;Prueba0123t0123;Prueba0123t0123@gmail.com
Prueba124 test124;Prueba124t124;Prueba124t124@gmail.com;Prueba124t124;Mess124test124;*2Mess124test124;ImCat124 UwU124;none;Your  Heart;Prueba0124t0124;Prueba0124t0124;Prueba0124t0124@gmail.com
Prueba125 test125;Prueba125t125;Prueba125t125@gmail.com;Prueba125t125;Mess125test125;*2Mess125test125;ImCat125 UwU125;none;Your  Heart;Prueba0125t0125;Prueba0125t0125;Prueba0125t0125@gmail.com
Prueba126 test126;Prueba126t126;Prueba126t126@gmail.com;Prueba126t126;Mess126test126;*2Mess126test126;ImCat126 UwU126;none;Your  Heart;Prueba0126t0126;Prueba0126t0126;Prueba0126t0126@gmail.com
Prueba127 test127;Prueba127t127;Prueba127t127@gmail.com;Prueba127t127;Mess127test127;*2Mess127test127;ImCat127 UwU127;none;Your  Heart;Prueba0127t0127;Prueba0127t0127;Prueba0127t0127@gmail.com
Prueba128 test128;Prueba128t128;Prueba128t128@gmail.com;Prueba128t128;Mess128test128;*2Mess128test128;ImCat128 UwU128;none;Your  Heart;Prueba0128t0128;Prueba0128t0128;Prueba0128t0128@gmail.com
Prueba129 test129;Prueba129t129;Prueba129t129@gmail.com;Prueba129t129;Mess129test129;*2Mess129test129;ImCat129 UwU129;none;Your  Heart;Prueba0129t0129;Prueba0129t0129;Prueba0129t0129@gmail.com
Prueba130 test130;Prueba130t130;Prueba130t130@gmail.com;Prueba130t130;Mess130test130;*2Mess130test130;ImCat130 UwU130;none;Your  Heart;Prueba0130t0130;Prueba0130t0130;Prueba0130t0130@gmail.com
Prueba131 test131;Prueba131t131;Prueba131t131@gmail.com;Prueba131t131;Mess131test131;*2Mess131test131;ImCat131 UwU131;none;Your  Heart;Prueba0131t0131;Prueba0131t0131;Prueba0131t0131@gmail.com
Prueba132 test132;Prueba132t132;Prueba132t132@gmail.com;Prueba132t132;Mess132test132;*2Mess132test132;ImCat132 UwU132;none;Your  Heart;Prueba0132t0132;Prueba0132t0132;Prueba0132t0132@gmail.com
Prueba133 test133;Prueba133t133;Prueba133t133@gmail.com;Prueba133t133;Mess133test133;*2Mess133test133;ImCat133 UwU133;none;Your  Heart;Prueba0133t0133;Prueba0133t0133;Prueba0133t0133@gmail.com
Prueba134 test134;Prueba134t134;Prueba134t134@gmail.com;Prueba134t134;Mess134test134;*2Mess134test134;ImCat134 UwU134;none;Your  Heart;Prueba0134t0134;Prueba0134t0134;Prueba0134t0134@gmail.com
Prueba135 test135;Prueba135t135;Prueba135t135@gmail.com;Prueba135t135;Mess135test135;*2Mess135test135;ImCat135 UwU135;none;Your  Heart;Prueba0135t0135;Prueba0135t0135;Prueba0135t0135@gmail.com
Prueba136 test136;Prueba136t136;Prueba136t136@gmail.com;Prueba136t136;Mess136test136;*2Mess136test136;ImCat136 UwU136;none;Your  Heart;Prueba0136t0136;Prueba0136t0136;Prueba0136t0136@gmail.com
Prueba137 test137;Prueba137t137;Prueba137t137@gmail.com;Prueba137t137;Mess137test137;*2Mess137test137;ImCat137 UwU137;none;Your  Heart;Prueba0137t0137;Prueba0137t0137;Prueba0137t0137@gmail.com
Prueba138 test138;Prueba138t138;Prueba138t138@gmail.com;Prueba138t138;Mess138test138;*2Mess138test138;ImCat138 UwU138;none;Your  Heart;Prueba0138t0138;Prueba0138t0138;Prueba0138t0138@gmail.com
Prueba139 test139;Prueba139t139;Prueba139t139@gmail.com;Prueba139t139;Mess139test139;*2Mess139test139;ImCat139 UwU139;none;Your  Heart;Prueba0139t0139;Prueba0139t0139;Prueba0139t0139@gmail.com
Prueba140 test140;Prueba140t140;Prueba140t140@gmail.com;Prueba140t140;Mess140test140;*2Mess140test140;ImCat140 UwU140;none;Your  Heart;Prueba0140t0140;Prueba0140t0140;Prueba0140t0140@gmail.com
Prueba141 test141;Prueba141t141;Prueba141t141@gmail.com;Prueba141t141;Mess141test141;*2Mess141test141;ImCat141 UwU141;none;Your  Heart;Prueba0141t0141;Prueba0141t0141;Prueba0141t0141@gmail.com
Prueba142 test142;Prueba142t142;Prueba142t142@gmail.com;Prueba142t142;Mess142test142;*2Mess142test142;ImCat142 UwU142;none;Your  Heart;Prueba0142t0142;Prueba0142t0142;Prueba0142t0142@gmail.com
Prueba143 test143;Prueba143t143;Prueba143t143@gmail.com;Prueba143t143;Mess143test143;*2Mess143test143;ImCat143 UwU143;none;Your  Heart;Prueba0143t0143;Prueba0143t0143;Prueba0143t0143@gmail.com
Prueba144 test144;Prueba144t144;Prueba144t144@gmail.com;Prueba144t144;Mess144test144;*2Mess144test144;ImCat144 UwU144;none;Your  Heart;Prueba0144t0144;Prueba0144t0144;Prueba0144t0144@gmail.com
Prueba145 test145;Prueba145t145;Prueba145t145@gmail.com;Prueba145t145;Mess145test145;*2Mess145test145;ImCat145 UwU145;none;Your  Heart;Prueba0145t0145;Prueba0145t0145;Prueba0145t0145@gmail.com
Prueba146 test146;Prueba146t146;Prueba146t146@gmail.com;Prueba146t146;Mess146test146;*2Mess146test146;ImCat146 UwU146;none;Your  Heart;Prueba0146t0146;Prueba0146t0146;Prueba0146t0146@gmail.com
Prueba147 test147;Prueba147t147;Prueba147t147@gmail.com;Prueba147t147;Mess147test147;*2Mess147test147;ImCat147 UwU147;none;Your  Heart;Prueba0147t0147;Prueba0147t0147;Prueba0147t0147@gmail.com
Prueba148 test148;Prueba148t148;Prueba148t148@gmail.com;Prueba148t148;Mess148test148;*2Mess148test148;ImCat148 UwU148;none;Your  Heart;Prueba0148t0148;Prueba0148t0148;Prueba0148t0148@gmail.com
Prueba149 test149;Prueba149t149;Prueba149t149@gmail.com;Prueba149t149;Mess149test149;*2Mess149test149;ImCat149 UwU149;none;Your  Heart;Prueba0149t0149;Prueba0149t0149;Prueba0149t0149@gmail.com
Prueba150 test150;Prueba150t150;Prueba150t150@gmail.com;Prueba150t150;Mess150test150;*2Mess150test150;ImCat150 UwU150;none;Your  Heart;Prueba0150t0150;Prueba0150t0150;Prueba0150t0150@gmail.com
Prueba151 test151;Prueba151t151;Prueba151t151@gmail.com;Prueba151t151;Mess151test151;*2Mess151test151;ImCat151 UwU151;none;Your  Heart;Prueba0151t0151;Prueba0151t0151;Prueba0151t0151@gmail.com
Prueba152 test152;Prueba152t152;Prueba152t152@gmail.com;Prueba152t152;Mess152test152;*2Mess152test152;ImCat152 UwU152;none;Your  Heart;Prueba0152t0152;Prueba0152t0152;Prueba0152t0152@gmail.com
Prueba153 test153;Prueba153t153;Prueba153t153@gmail.com;Prueba153t153;Mess153test153;*2Mess153test153;ImCat153 UwU153;none;Your  Heart;Prueba0153t0153;Prueba0153t0153;Prueba0153t0153@gmail.com
Prueba154 test154;Prueba154t154;Prueba154t154@gmail.com;Prueba154t154;Mess154test154;*2Mess154test154;ImCat154 UwU154;none;Your  Heart;Prueba0154t0154;Prueba0154t0154;Prueba0154t0154@gmail.com
Prueba155 test155;Prueba155t155;Prueba155t155@gmail.com;Prueba155t155;Mess155test155;*2Mess155test155;ImCat155 UwU155;none;Your  Heart;Prueba0155t0155;Prueba0155t0155;Prueba0155t0155@gmail.com
Prueba156 test156;Prueba156t156;Prueba156t156@gmail.com;Prueba156t156;Mess156test156;*2Mess156test156;ImCat156 UwU156;none;Your  Heart;Prueba0156t0156;Prueba0156t0156;Prueba0156t0156@gmail.com
Prueba157 test157;Prueba157t157;Prueba157t157@gmail.com;Prueba157t157;Mess157test157;*2Mess157test157;ImCat157 UwU157;none;Your  Heart;Prueba0157t0157;Prueba0157t0157;Prueba0157t0157@gmail.com
Prueba158 test158;Prueba158t158;Prueba158t158@gmail.com;Prueba158t158;Mess158test158;*2Mess158test158;ImCat158 UwU158;none;Your  Heart;Prueba0158t0158;Prueba0158t0158;Prueba0158t0158@gmail.com
Prueba159 test159;Prueba159t159;Prueba159t159@gmail.com;Prueba159t159;Mess159test159;*2Mess159test159;ImCat159 UwU159;none;Your  Heart;Prueba0159t0159;Prueba0159t0159;Prueba0159t0159@gmail.com
Prueba160 test160;Prueba160t160;Prueba160t160@gmail.com;Prueba160t160;Mess160test160;*2Mess160test160;ImCat160 UwU160;none;Your  Heart;Prueba0160t0160;Prueba0160t0160;Prueba0160t0160@gmail.com
Prueba161 test161;Prueba161t161;Prueba161t161@gmail.com;Prueba161t161;Mess161test161;*2Mess161test161;ImCat161 UwU161;none;Your  Heart;Prueba0161t0161;Prueba0161t0161;Prueba0161t0161@gmail.com
Prueba162 test162;Prueba162t162;Prueba162t162@gmail.com;Prueba162t162;Mess162test162;*2Mess162test162;ImCat162 UwU162;none;Your  Heart;Prueba0162t0162;Prueba0162t0162;Prueba0162t0162@gmail.com
Prueba163 test163;Prueba163t163;Prueba163t163@gmail.com;Prueba163t163;Mess163test163;*2Mess163test163;ImCat163 UwU163;none;Your  Heart;Prueba0163t0163;Prueba0163t0163;Prueba0163t0163@gmail.com
Prueba164 test164;Prueba164t164;Prueba164t164@gmail.com;Prueba164t164;Mess164test164;*2Mess164test164;ImCat164 UwU164;none;Your  Heart;Prueba0164t0164;Prueba0164t0164;Prueba0164t0164@gmail.com
Prueba165 test165;Prueba165t165;Prueba165t165@gmail.com;Prueba165t165;Mess165test165;*2Mess165test165;ImCat165 UwU165;none;Your  Heart;Prueba0165t0165;Prueba0165t0165;Prueba0165t0165@gmail.com
Prueba166 test166;Prueba166t166;Prueba166t166@gmail.com;Prueba166t166;Mess166test166;*2Mess166test166;ImCat166 UwU166;none;Your  Heart;Prueba0166t0166;Prueba0166t0166;Prueba0166t0166@gmail.com
Prueba167 test167;Prueba167t167;Prueba167t167@gmail.com;Prueba167t167;Mess167test167;*2Mess167test167;ImCat167 UwU167;none;Your  Heart;Prueba0167t0167;Prueba0167t0167;Prueba0167t0167@gmail.com
Prueba168 test168;Prueba168t168;Prueba168t168@gmail.com;Prueba168t168;Mess168test168;*2Mess168test168;ImCat168 UwU168;none;Your  Heart;Prueba0168t0168;Prueba0168t0168;Prueba0168t0168@gmail.com
Prueba169 test169;Prueba169t169;Prueba169t169@gmail.com;Prueba169t169;Mess169test169;*2Mess169test169;ImCat169 UwU169;none;Your  Heart;Prueba0169t0169;Prueba0169t0169;Prueba0169t0169@gmail.com
Prueba170 test170;Prueba170t170;Prueba170t170@gmail.com;Prueba170t170;Mess170test170;*2Mess170test170;ImCat170 UwU170;none;Your  Heart;Prueba0170t0170;Prueba0170t0170;Prueba0170t0170@gmail.com
Prueba171 test171;Prueba171t171;Prueba171t171@gmail.com;Prueba171t171;Mess171test171;*2Mess171test171;ImCat171 UwU171;none;Your  Heart;Prueba0171t0171;Prueba0171t0171;Prueba0171t0171@gmail.com
Prueba172 test172;Prueba172t172;Prueba172t172@gmail.com;Prueba172t172;Mess172test172;*2Mess172test172;ImCat172 UwU172;none;Your  Heart;Prueba0172t0172;Prueba0172t0172;Prueba0172t0172@gmail.com
Prueba173 test173;Prueba173t173;Prueba173t173@gmail.com;Prueba173t173;Mess173test173;*2Mess173test173;ImCat173 UwU173;none;Your  Heart;Prueba0173t0173;Prueba0173t0173;Prueba0173t0173@gmail.com
Prueba174 test174;Prueba174t174;Prueba174t174@gmail.com;Prueba174t174;Mess174test174;*2Mess174test174;ImCat174 UwU174;none;Your  Heart;Prueba0174t0174;Prueba0174t0174;Prueba0174t0174@gmail.com
Prueba175 test175;Prueba175t175;Prueba175t175@gmail.com;Prueba175t175;Mess175test175;*2Mess175test175;ImCat175 UwU175;none;Your  Heart;Prueba0175t0175;Prueba0175t0175;Prueba0175t0175@gmail.com
Prueba176 test176;Prueba176t176;Prueba176t176@gmail.com;Prueba176t176;Mess176test176;*2Mess176test176;ImCat176 UwU176;none;Your  Heart;Prueba0176t0176;Prueba0176t0176;Prueba0176t0176@gmail.com
Prueba177 test177;Prueba177t177;Prueba177t177@gmail.com;Prueba177t177;Mess177test177;*2Mess177test177;ImCat177 UwU177;none;Your  Heart;Prueba0177t0177;Prueba0177t0177;Prueba0177t0177@gmail.com
Prueba178 test178;Prueba178t178;Prueba178t178@gmail.com;Prueba178t178;Mess178test178;*2Mess178test178;ImCat178 UwU178;none;Your  Heart;Prueba0178t0178;Prueba0178t0178;Prueba0178t0178@gmail.com
Prueba179 test179;Prueba179t179;Prueba179t179@gmail.com;Prueba179t179;Mess179test179;*2Mess179test179;ImCat179 UwU179;none;Your  Heart;Prueba0179t0179;Prueba0179t0179;Prueba0179t0179@gmail.com
Prueba180 test180;Prueba180t180;Prueba180t180@gmail.com;Prueba180t180;Mess180test180;*2Mess180test180;ImCat180 UwU180;none;Your  Heart;Prueba0180t0180;Prueba0180t0180;Prueba0180t0180@gmail.com
Prueba181 test181;Prueba181t181;Prueba181t181@gmail.com;Prueba181t181;Mess181test181;*2Mess181test181;ImCat181 UwU181;none;Your  Heart;Prueba0181t0181;Prueba0181t0181;Prueba0181t0181@gmail.com
Prueba182 test182;Prueba182t182;Prueba182t182@gmail.com;Prueba182t182;Mess182test182;*2Mess182test182;ImCat182 UwU182;none;Your  Heart;Prueba0182t0182;Prueba0182t0182;Prueba0182t0182@gmail.com
Prueba183 test183;Prueba183t183;Prueba183t183@gmail.com;Prueba183t183;Mess183test183;*2Mess183test183;ImCat183 UwU183;none;Your  Heart;Prueba0183t0183;Prueba0183t0183;Prueba0183t0183@gmail.com
Prueba184 test184;Prueba184t184;Prueba184t184@gmail.com;Prueba184t184;Mess184test184;*2Mess184test184;ImCat184 UwU184;none;Your  Heart;Prueba0184t0184;Prueba0184t0184;Prueba0184t0184@gmail.com
Prueba185 test185;Prueba185t185;Prueba185t185@gmail.com;Prueba185t185;Mess185test185;*2Mess185test185;ImCat185 UwU185;none;Your  Heart;Prueba0185t0185;Prueba0185t0185;Prueba0185t0185@gmail.com
Prueba186 test186;Prueba186t186;Prueba186t186@gmail.com;Prueba186t186;Mess186test186;*2Mess186test186;ImCat186 UwU186;none;Your  Heart;Prueba0186t0186;Prueba0186t0186;Prueba0186t0186@gmail.com
Prueba187 test187;Prueba187t187;Prueba187t187@gmail.com;Prueba187t187;Mess187test187;*2Mess187test187;ImCat187 UwU187;none;Your  Heart;Prueba0187t0187;Prueba0187t0187;Prueba0187t0187@gmail.com
Prueba188 test188;Prueba188t188;Prueba188t188@gmail.com;Prueba188t188;Mess188test188;*2Mess188test188;ImCat188 UwU188;none;Your  Heart;Prueba0188t0188;Prueba0188t0188;Prueba0188t0188@gmail.com
Prueba189 test189;Prueba189t189;Prueba189t189@gmail.com;Prueba189t189;Mess189test189;*2Mess189test189;ImCat189 UwU189;none;Your  Heart;Prueba0189t0189;Prueba0189t0189;Prueba0189t0189@gmail.com
Prueba190 test190;Prueba190t190;Prueba190t190@gmail.com;Prueba190t190;Mess190test190;*2Mess190test190;ImCat190 UwU190;none;Your  Heart;Prueba0190t0190;Prueba0190t0190;Prueba0190t0190@gmail.com
Prueba191 test191;Prueba191t191;Prueba191t191@gmail.com;Prueba191t191;Mess191test191;*2Mess191test191;ImCat191 UwU191;none;Your  Heart;Prueba0191t0191;Prueba0191t0191;Prueba0191t0191@gmail.com
Prueba192 test192;Prueba192t192;Prueba192t192@gmail.com;Prueba192t192;Mess192test192;*2Mess192test192;ImCat192 UwU192;none;Your  Heart;Prueba0192t0192;Prueba0192t0192;Prueba0192t0192@gmail.com
Prueba193 test193;Prueba193t193;Prueba193t193@gmail.com;Prueba193t193;Mess193test193;*2Mess193test193;ImCat193 UwU193;none;Your  Heart;Prueba0193t0193;Prueba0193t0193;Prueba0193t0193@gmail.com
Prueba194 test194;Prueba194t194;Prueba194t194@gmail.com;Prueba194t194;Mess194test194;*2Mess194test194;ImCat194 UwU194;none;Your  Heart;Prueba0194t0194;Prueba0194t0194;Prueba0194t0194@gmail.com
Prueba195 test195;Prueba195t195;Prueba195t195@gmail.com;Prueba195t195;Mess195test195;*2Mess195test195;ImCat195 UwU195;none;Your  Heart;Prueba0195t0195;Prueba0195t0195;Prueba0195t0195@gmail.com
Prueba196 test196;Prueba196t196;Prueba196t196@gmail.com;Prueba196t196;Mess196test196;*2Mess196test196;ImCat196 UwU196;none;Your  Heart;Prueba0196t0196;Prueba0196t0196;Prueba0196t0196@gmail.com
Prueba197 test197;Prueba197t197;Prueba197t197@gmail.com;Prueba197t197;Mess197test197;*2Mess197test197;ImCat197 UwU197;none;Your  Heart;Prueba0197t0197;Prueba0197t0197;Prueba0197t0197@gmail.com
Prueba198 test198;Prueba198t198;Prueba198t198@gmail.com;Prueba198t198;Mess198test198;*2Mess198test198;ImCat198 UwU198;none;Your  Heart;Prueba0198t0198;Prueba0198t0198;Prueba0198t0198@gmail.com
Prueba199 test199;Prueba199t199;Prueba199t199@gmail.com;Prueba199t199;Mess199test199;*2Mess199test199;ImCat199 UwU199;none;Your  Heart;Prueba0199t0199;Prueba0199t0199;Prueba0199t0199@gmail.com
