name,username,email,oldpassword,messagetweet,messageresquawk,biography,website,address,newpassword,updateusername ,updateemail
Prueba1 test1,Prueba1t1,Prueba1t1@gmail.com,Prueba1t1,Mess1test1,*2Mess1test1,ImCat1 UwU1,none,Your  Heart,Prueba01t01,Prueba01t01,Prueba01t01@gmail.com
Prueba2 test2,Prueba2t2,Prueba2t2@gmail.com,Prueba2t2,Mess2test2,*2Mess2test2,ImCat2 UwU2,none,Your  Heart,Prueba02t02,Prueba02t02,Prueba02t02@gmail.com
Prueba3 test3,Prueba3t3,Prueba3t3@gmail.com,Prueba3t3,Mess3test3,*2Mess3test3,ImCat3 UwU3,none,Your  Heart,Prueba03t03,Prueba03t03,Prueba03t03@gmail.com
Prueba4 test4,Prueba4t4,Prueba4t4@gmail.com,Prueba4t4,Mess4test4,*2Mess4test4,ImCat4 UwU4,none,Your  Heart,Prueba04t04,Prueba04t04,Prueba04t04@gmail.com
Prueba5 test5,Prueba5t5,Prueba5t5@gmail.com,Prueba5t5,Mess5test5,*2Mess5test5,ImCat5 UwU5,none,Your  Heart,Prueba05t05,Prueba05t05,Prueba05t05@gmail.com
Prueba6 test6,Prueba6t6,Prueba6t6@gmail.com,Prueba6t6,Mess6test6,*2Mess6test6,ImCat6 UwU6,none,Your  Heart,Prueba06t06,Prueba06t06,Prueba06t06@gmail.com
Prueba7 test7,Prueba7t7,Prueba7t7@gmail.com,Prueba7t7,Mess7test7,*2Mess7test7,ImCat7 UwU7,none,Your  Heart,Prueba07t07,Prueba07t07,Prueba07t07@gmail.com
Prueba8 test8,Prueba8t8,Prueba8t8@gmail.com,Prueba8t8,Mess8test8,*2Mess8test8,ImCat8 UwU8,none,Your  Heart,Prueba08t08,Prueba08t08,Prueba08t08@gmail.com
Prueba9 test9,Prueba9t9,Prueba9t9@gmail.com,Prueba9t9,Mess9test9,*2Mess9test9,ImCat9 UwU9,none,Your  Heart,Prueba09t09,Prueba09t09,Prueba09t09@gmail.com
Prueba10 test10,Prueba10t10,Prueba10t10@gmail.com,Prueba10t10,Mess10test10,*2Mess10test10,ImCat10 UwU10,none,Your Heart,Prueba010t010,Prueba010t010,Prueba010t010@gmail.com